seq_len,core_ms,full_ms,flash_ms,our_cuda_ms
64,0.07874368190765381,0.28921823501586913,0.048762879371643066,0.10821887969970703
128,0.08199328422546387,0.28803680419921873,0.038886721134185794,0.21152959823608397
256,0.08166720390319825,0.29585823059082034,0.038853120803833005,0.4236288070678711
512,0.07884672164916992,0.2950736045837402,0.04047872066497803,0.8457926177978515
1024,0.11529439926147461,0.2939651107788086,0.050877442359924314,3.203829650878906
2048,0.4424496078491211,0.43258846282958985,0.12296192169189453,12.731822509765625
4096,1.8062864685058593,1.8371395874023437,0.5236735916137696,67.3846435546875
