seq_len,core_ms,full_ms,flash_ms,our_cuda_ms
64,0.0792195177078247,0.28881248474121096,0.050094079971313474,0.4861376190185547
128,0.07968031883239746,0.28577791213989256,0.03784703969955444,0.9849852752685547
247,0.08779775619506835,0.29466623306274414,0.04042719841003418,1.9008921813964843
256,0.08663392066955566,0.2950707244873047,0.039568960666656494,1.969621124267578
512,0.08187456130981445,0.2909881591796875,0.045180802345275876,3.9476531982421874
1024,0.11542495727539062,0.2925961685180664,0.04640128135681152,13.6715673828125
