seq_len,core_ms,full_ms,flash_ms,our_cuda_ms
64,0.08166381072998047,0.29204684448242185,0.045242080688476564,0.06308243179321289
128,0.07985171508789063,0.29105831909179686,0.044687232971191405,0.10221561431884765
256,0.08358262634277344,0.29728594970703126,0.04382102584838867,0.2020474853515625
512,0.08026112365722657,0.2960345458984375,0.04539318466186523,0.40269097900390627
1024,0.09750540924072265,0.2974474182128906,0.04575171279907227,1.440606201171875
2048,0.3581311340332031,0.39327130126953125,0.10174668884277344,5.74675341796875
4096,1.399330810546875,1.4531912841796875,0.33543475341796875,23.09809765625
8192,6.124173828125,6.0565947265625,1.263507568359375,82.788734375
