seq_len,core_ms,full_ms,flash_ms,our_cuda_ms
64,0.08878560066223144,0.3313459014892578,0.048484477996826175,0.10110431671142578
128,0.08759424209594727,0.3375513458251953,0.03847775936126709,0.33019168853759767
256,0.08703136444091797,0.3246124649047852,0.05350592136383057,1.3469097900390625
512,0.09037823677062988,0.3415078353881836,0.05230463981628418,4.311627807617188
1024,0.11551679611206055,0.8903839874267578,0.11593503952026367,17.399215087890624
2048,0.47257503509521487,3.103860168457031,0.45656097412109375,69.6721337890625
4096,1.7421519470214843,13.536099853515625,1.8217369079589845,279.98642578125
