seq_len,core_ms,full_ms,flash_ms,our_cuda_ms
64,0.081364990234375,0.2989875183105469,0.04651724624633789,0.027865663528442382
128,0.08022374725341797,0.29049240112304686,0.04581257629394531,0.048556640625
256,0.08406835174560547,0.31905792236328123,0.045467647552490234,0.0825323486328125
512,0.08110678100585937,0.3016080932617187,0.04920502471923828,0.17625894165039063
1024,0.12749356842041015,0.2993267517089844,0.046975841522216795,0.32638641357421877
2048,0.40042312622070314,0.53030712890625,0.14582162475585939,0.9004439697265625
4096,1.62128515625,2.155314697265625,0.5176234741210938,3.691689208984375
8192,6.9519423828125,7.17843701171875,2.27925146484375,18.298861328125
