seq_len,core_ms,full_ms,flash_ms,our_cuda_ms
64,0.07856128215789795,0.3040403175354004,0.04656576156616211,0.49939647674560544
128,0.07731200218200683,0.2894438362121582,0.03828671932220459,0.8757014465332031
247,0.08542304039001465,0.2915328025817871,0.03871680021286011,1.586631317138672
256,0.08591103553771973,0.2995737648010254,0.03818527936935425,1.6308621215820311
512,0.08260224342346191,0.2911008071899414,0.04334815979003906,3.2671475219726562
1024,0.10954784393310547,0.29258399963378906,0.04385216236114502,11.17908935546875
2048,0.36517887115478515,0.3930656051635742,0.10156800270080567,44.891259765625
