seq_len,core_ms,full_ms,flash_ms,our_cuda_ms
64,0.07747583866119384,0.2934111976623535,0.047411198616027835,1.0499890899658204
128,0.08214015960693359,0.29915231704711914,0.03832992076873779,1.7477632141113282
256,0.08886272430419923,0.30295616149902344,0.03837599992752075,3.4748211669921876
512,0.07993152141571044,0.2992127990722656,0.0398524808883667,6.9313726806640625
1024,0.11839200019836425,0.30308576583862307,0.050032639503479005,13.99730224609375
