seq_len,core_ms,full_ms,flash_ms
64,0.08690912246704102,0.32501758575439454,0.04988319873809814
128,0.08419903755187988,0.33042430877685547,0.04014368057250976
256,0.08440447807312011,0.3160895919799805,0.04821375846862793
512,0.08779744148254394,0.33683582305908205,0.04991040229797363
1024,0.12009471893310547,0.846174087524414,0.12648415565490723
2048,0.4872172927856445,2.819676513671875,0.4582380676269531
4096,1.7694566345214844,14.413551025390625,1.7655372619628906
