seq_len,core_ms,full_ms
64,0.08063008308410645,0.3053641510009766
128,0.08504544258117676,0.32237247467041014
256,0.08370176315307618,0.32006206512451174
512,0.12079487800598145,0.6384531021118164
1024,0.4314495849609375,1.754713592529297
2048,1.2385193634033203,5.5722589111328125
4096,4.970453186035156,20.290841064453126
