seq_len,core_ms,full_ms,flash_ms,our_cuda_ms
64,0.0795366382598877,0.29479488372802737,0.04840799808502197,0.5869772720336914
128,0.0833523178100586,0.2909574317932129,0.03751712083816528,1.1618099212646484
247,0.08948351860046387,0.3083020782470703,0.040307841300964355,2.2561109924316405
256,0.08667167663574218,0.3002652740478516,0.03946336030960083,2.092188415527344
512,0.08257856369018554,0.2949270439147949,0.04603616237640381,3.988055419921875
1024,0.13078399658203124,0.2996630477905273,0.04556320190429688,13.572667236328124
