seq_len,core_ms,full_ms,flash_ms,our_cuda_ms
64,0.08179574584960937,0.30976995849609373,0.045907585144042966,0.0256495361328125
128,0.0809044189453125,0.3042713012695312,0.04446198272705078,0.04501910400390625
256,0.08525103759765625,0.3168812255859375,0.04994950485229492,0.084000732421875
512,0.09337852478027343,0.3209456787109375,0.04696054458618164,0.16105010986328125
1024,0.11327542114257813,0.30902102661132813,0.046276031494140626,0.350442626953125
2048,0.3938342590332031,0.4402667541503906,0.12810304260253907,1.3896339111328124
4096,1.6806484375,1.8321490478515625,0.5224871826171875,7.2027626953125
8192,6.6827470703125,6.78090625,1.9632783203125,25.211607421875
