seq_len,core_ms,full_ms,flash_ms,our_cuda_ms
64,0.08025081634521485,0.30448211669921876,0.045574142456054685,0.024035648345947267
128,0.07906707000732421,0.29265203857421873,0.04456105422973633,0.04228956985473633
256,0.08351862335205078,0.30230126953125,0.04420665740966797,0.08927503967285157
512,0.0798455352783203,0.2996681823730469,0.04633196640014649,0.15297343444824218
1024,0.1123594207763672,0.2981949462890625,0.046604320526123046,0.29179705810546874
2048,0.4879306335449219,0.557432861328125,0.15994061279296876,1.0700811767578124
4096,2.113265380859375,2.07376171875,0.6163722534179688,4.078916259765625
8192,6.74140576171875,6.85260546875,1.9683753662109376,14.203349609375
