seq_len,core_ms,full_ms,flash_ms,our_cuda_ms
64,0.07753727912902832,0.28393280029296875,0.045867838859558106,0.913694076538086
128,0.0783462381362915,0.29033248901367187,0.03771615982055664,1.5157862854003907
256,0.0795798397064209,0.28254207611083987,0.03882783889770508,3.2257574462890624
512,0.07905695915222168,0.28609184265136717,0.04174943923950195,6.54779541015625
1024,0.1419161605834961,0.28978431701660157,0.0756224012374878,16.915740966796875
